<?xml version="1.0" encoding="UTF-8"?>

<!DOCTYPE hibernate-mapping PUBLIC
        "-//Hibernate/Hibernate Mapping DTD 3.0//EN"
        "http://www.hibernate.org/dtd/hibernate-mapping-3.0.dtd"> 

<hibernate-mapping>  
  <class name="com.demoHb.Employee" table="emp10">  
    <id name="id">  
     <generator class="assigned"></generator>  
    </id>  
            
    <property name="name"></property>  
    <property name="company"></property>  
            
  </class>  
            
 </hibernate-mapping>  